номер,сцена,кто,текст,откуда взято,позиция в сведении,"длительность, с"
d8,1,Кэфи,"они сказали «мы, наверное, не пойдём»… они всегда слышат в моём «ну ладно» то, что им удобно.",кэфи.mp3 4.51-19.82,00:00.6,15.31
000,1,Кэфи,"и главное — зачем. это не контрольная. это даже не сложный урок. все занимаются какой то хуйней они прогуливают сорок минут, чтобы через сорок минут делать то же самое, только виноватыми",кэфи.mp3 21.13-32.54,00:16.6,11.41
d20,1,Кэфи,не смотреть.,кэфи.mp3 33.59-35.66,00:28.8,2.07
001,1,Кэфи,о нет.,— пауза —,00:32.2,0.86
002,1,Кэфи,"идти. куда-то. есть. и от этого будет счастье. (пауза) (с облегчением) это не аргумент, Энер. это меню.",кэфи.mp3 36.45-45.78,00:34.2,9.33
003,1,Кэфи,что они пытались донести... он просто показал мне две руки.,кэфи.mp3 47.45-51.70,00:44.5,4.25
d47,1,Кэфи,…бля.,кэфи.mp3 53.44-54.81,00:50.7,1.37
004,1,Кэфи,— можно выйти?,кэфи.mp3 55.75-56.98,00:52.6,1.23
005,1,Учитель,— иди.,— пауза —,00:54.1,0.71
006,1,Учитель,— Кэфи.,— пауза —,00:56.1,0.78
007,1,Учитель,— ты с рюкзаком выходишь?,— пауза —,00:57.4,2.17
008,1,Кэфи,(прояжно и невинно) — нет.,кэфи.mp3 58.18-60.28,00:59.9,2.10
009,1,Учитель,— у тебя за спиной рюкзак.,— пауза —,01:03.0,2.25
010,1,Кэфи,— я его выношу.,кэфи.mp3 61.55-63.23,01:05.6,1.68
011,1,Учитель,— куда?,— пауза —,01:07.7,0.78
012,1,Кэфи,— …в коридор.,кэфи.mp3 65.16-66.57,01:08.8,1.41
013,1,Учитель,— иди уже.,— пауза —,01:12.4,1.02
014,2,Кэфи,—и куда мы таким составом,кэфи.mp3 67.67-69.64,01:16.0,1.97
015,2,Энер,"— так, во-первых, здравствуй, я тоже очень рада тебя видеть",энер.wav 1.24-4.38,01:18.3,3.14
016,2,Флур,— мы,— пауза —,01:21.8,0.60
017,2,Энер,— во-вторых — мы чуть не спалились пока пытались вытащить ТЕБЯ из кабинета,энер.wav 5.39-9.93,01:22.7,4.54
018,2,Кэфи,"—это все ооочень интересно, но что вы задумали",кэфи.mp3 70.51-74.11,01:27.6,3.60
019,2,Энер,— короче. мы уходим.,энер.wav 10.85-12.37,01:31.7,1.52
020,2,Кэфи,— куда.,кэфи.mp3 75.41-76.05,01:33.6,0.64
021,2,Энер,— из школы.,энер.wav 13.82-14.64,01:34.6,0.82
022,2,Кэфи,— куда.,кэфи.mp3 77.19-78.79,01:35.8,1.60
023,2,Энер,"— это второй вопрос! ты задаёшь второй вопрос первым, а надо сначала прочувствовать сам факт: мы. уходим. из школы. (пауза) (воодушевленно) чувствуешь?",энер.wav 29.40-38.97 + энер.wav 41.76-43.00,01:37.7,11.81
024,2,Кэфи,— нет.,кэфи.mp3 79.64-81.23,01:49.9,1.59
025,2,Энер,"— окей, подождем",энер.wav 44.37-45.38,01:51.8,1.01
026,2,Флур,"(с сарказмом) — слушай, я тебе честно скажу, я сам сначала был против, я вот прямо стоял и говорил «Энер, это тупо, нас поймают, нас вычислят, нам напишут в журнал, а потом моей маме позвонят и скажут — знаете, ваш сын…» начинает посмеиваться",untitled.mp3 0.00-15.12,01:53.3,15.12
027,2,Кэфи,— у нас ещё три урока.,кэфи.mp3 82.94-84.80,02:08.8,1.86
028,2,Флур,— тупая ты бошка,untitled.mp3 16.24-17.78,02:11.0,1.54
029,2,Энер,— вот!,энер.wav 47.40-48.04,02:12.9,0.64
030,2,Кэфи,— что «вот»?,кэфи.mp3 85.95-87.06,02:13.9,1.11
031,2,Энер,"(с сарказмом) — вот именно, что ТРИ! это же ужас, если вдуматься. три урока — это два с половиной часа. два с половиной часа мы будем сидеть в трёх разных комнатах, смотреть в три разные доски и ждать одного и того же — когда всё закончится. а на улице сейчас, между прочим, солнце. вот прямо сейчас. я в окно смотрела на втором этаже — там свет такой, знаешь, косой, когда всё жёлтое. (с наигранной грустью) и он через два часа кончится. просто кончится, и всё, и никто его больше сегодня не увидит. (пауза) и мы будем те, кто его не увидел.",энер.wav 48.77-72.78,02:15.3,24.01
032,2,Флур,(без удивления) — ты это отрепетировала?,untitled.mp3 18.45-20.16,02:40.5,1.71
033,2,Энер,— конечно я это отрепетировала.,энер.wav 75.81-77.51,02:42.6,1.70
034,2,Кэфи,— а если нас хватятся?,кэфи.mp3 88.10-90.00,02:44.7,1.90
035,2,Флур,"— вот! вот этот вопрос я тоже задавал! слово в слово! я говорю — а если хватятся? а она мне: кто? и я такой: ну… кто-нибудь. а она: назови. и я не смог назвать! я стоял, как дурак, и не мог назвать ни одного человека, который сегодня будет нас искать. это, если честно, было даже немного обидно.",untitled.mp3 20.73-41.01,02:46.9,20.28
d101,2,Флур,[смех],untitled.mp3 41.32-45.38,03:07.5,4.06
036,2,Кэфи,"—все, хватит",кэфи.mp3 91.29-92.81,03:12.1,1.52
037,2,Кэфи,— рюкзаки оставим тут?,кэфи.mp3 93.60-95.75,03:14.3,2.15
038,2,Энер,— …зачем?,энер.wav 81.69-82.77,03:17.6,1.08
039,2,Кэфи,(растерянно) —ну.. я думал мы вернемся?...,кэфи.mp3 96.06-98.55,03:19.0,2.49
040,2,Флур,—...нахуя?,— пауза —,03:21.9,1.09
041,2,Энер,"—короче, проехали, идем с рюкзаками. сомневаюсь что мы сегодня вернемся сегодня",энер.wav 85.56-89.15,03:23.3,3.59
042,2,Кэфи,— но так шансов больше что нас-,кэфи.mp3 100.32-102.37,03:27.3,2.05
043,2,Флур,"—меньше слов, больше дела",untitled.mp3 45.92-48.01,03:29.6,2.09
044,3,Флур,"— так, и мы идём куда конкретно? я просто хочу заранее знать, чтобы, если меня спросят, я мог соврать уверенно. у меня плохо получается врать на ходу",untitled.mp3 52.20-62.36,03:34.2,10.16
045,3,Энер,"(спокойно) — скажешь, что мы пошли за водой.",энер.wav 100.73-102.66,03:44.8,1.93
046,3,Флур,— за водой?,untitled.mp3 63.04-63.95,03:47.0,0.91
047,3,Энер,"— все ходят за водой, неопровержимо. вода нужна всем.",энер.wav 103.44-106.58,03:48.3,3.14
048,3,Флур,— за водой на четыре часа?,untitled.mp3 64.77-66.90,03:51.8,2.13
049,3,Энер,— мы оооочень хотели пить.,энер.wav 107.09-109.01,03:54.3,1.92
050,3,Флур,"— слушайте, а ведь красиво реально…",untitled.mp3 67.58-69.74,03:57.1,2.16
051,3,Организатор,— так. вот они нам нужны.,— пауза —,04:00.1,2.17
052,3,Флур,— …кто?,untitled.mp3 70.83-72.02,04:02.6,1.19
053,3,Организатор,— вы.,— пауза —,04:04.2,0.63
054,3,Энер,— мы?,энер.wav 114.29-114.89,04:05.1,0.60
055,3,Организатор,— трое. идеально. пошли.,— пауза —,04:06.1,2.09
056,3,Организатор,— я сказал: пошли.,— пауза —,04:08.8,1.63
057,3,Флур,"— извините, а можно узнать—",untitled.mp3 72.61-74.71,04:11.1,2.10
058,3,Организатор,— в шесть вечера в зале будут люди. (пауза) в программе несколько номеров.,— пауза —,04:13.3,6.02
059,3,Флур,— и?,untitled.mp3 75.53-76.23,04:19.7,0.70
060,3,Организатор,— никого не осталось,— пауза —,04:20.7,1.78
061,3,Флур,— а куда они делись то,untitled.mp3 77.29-78.51,04:22.8,1.22
062,3,Организатор,— сбежали.,— пауза —,04:24.4,1.02
063,3,Кэфи,— …сбежали.,кэфи.mp3 113.60-114.71,04:26.6,1.11
064,3,Организатор,"— полным составом. час назад. сказали «мы сейчас», взяли реквизит и ушли через хозяйственный выход.",— пауза —,04:28.1,7.78
065,3,Энер,— через хозяйственный…,энер.wav 120.95-122.48,04:36.2,1.53
066,3,Организатор,— не восхищайся.,— пауза —,04:38.1,1.48
067,3,Организатор,"— значит так. мне нужен один номер. любой. сценка, песня, что угодно — лишь бы на сцене что-то происходило и это не было пожаром.",— пауза —,04:40.1,10.02
068,3,Флур,— а почему мы?,untitled.mp3 79.49-80.68,04:50.4,1.19
069,3,Организатор,"— потому что вы шли к выходу втроём в середине дня. (смотрит на них) и я решил, что раз уж кто-то сегодня сбегает — пусть хоть кто-то останется.",— пауза —,04:52.0,9.86
070,3,Кэфи,"попытался найти отговорку, но не смог",кэфи.mp3 115.73-118.78,05:03.2,3.05
071,3,Организатор,— вот лист с информацией,— пауза —,05:06.6,2.09
072,3,Организатор,"— зал ваш до пяти. свет включается снизу, рубильник у сцены. если сломаете микрофон, вам будет хуже.",— пауза —,05:09.2,7.94
073,3,Флур,— …мы вышли из школы?,untitled.mp3 81.95-83.58,05:17.8,1.63
074,3,Энер,— технически мы вышли из класса.,энер.wav 126.76-128.69,05:19.8,1.93
075,3,Флур,— я не про технически..,untitled.mp3 84.20-86.20,05:22.0,2.00
076,3,Энер,— экзистенциально мы в жопе.,энер.wav 129.41-130.72,05:24.4,1.31
077,3,Флур,— ты куда?,untitled.mp3 86.96-87.95,05:26.2,0.99
078,3,Кэфи,— посмотреть что мы имеем вообще,кэфи.mp3 120.39-122.25,05:27.5,1.86
079,3,Флур,— зачем?!,untitled.mp3 88.82-89.63,05:29.7,0.81
080,3,Кэфи,"— потому что через четыре часа мы должны быть готовы, так то",кэфи.mp3 123.45-126.86,05:30.9,3.41
081,4,Энер,"— ЕБАТЬ, тут эхо!",энер.wav 142.09-143.42,05:36.9,1.33
082,4,Флур,— ты не могла проверить эхо чем-нибудь другим?,untitled.mp3 90.84-93.19,05:38.7,2.35
083,4,Энер,— я проверила самым надёжным словом,энер.wav 144.80-146.73,05:41.4,1.93
084,4,Флур,— ты куда?,untitled.mp3 94.54-95.27,05:44.0,0.73
085,4,Кэфи,— свет.,кэфи.mp3 128.40-129.08,05:45.1,0.68
086,4,Флур,"(цитируя) —жена сказала света нет.. кхм.. нам сначала надо придумать, ЧТО мы делаем.",untitled.mp3 96.20-101.63,05:46.1,5.43
087,4,Кэфи,— вам — да.,кэфи.mp3 129.98-131.19,05:51.9,1.21
088,4,Кэфи,— …бля.,кэфи.mp3 132.39-133.97,05:53.9,1.58
089,4,Энер,— танец.,энер.wav 148.68-149.27,05:56.3,0.59
090,4,Флур,— нет.,untitled.mp3 102.20-102.96,05:57.2,0.76
091,4,Энер,— почему?,энер.wav 150.72-151.50,05:58.4,0.78
092,4,Флур,"— потому что я двигаюсь как бревно. и я серьезно, у меня есть видео где я танцую",untitled.mp3 103.67-108.28,05:59.5,4.61
093,4,Энер,— это можно обыграть!,энер.wav 153.46-154.91,06:04.4,1.45
094,4,Флур,"— это можно снять на видео и испортить мне жизнь второй раз, и вот тогда уже насовсем!",untitled.mp3 108.71-113.25,06:06.2,4.54
095,4,Энер,— ладно. песня.,энер.wav 157.24-158.59,06:11.1,1.35
096,4,Флур,— кто поёт?,untitled.mp3 114.18-115.05,06:12.8,0.87
097,4,Энер,— ты.,энер.wav 160.80-161.24,06:14.1,0.44
098,4,Флур,— я?!,untitled.mp3 115.89-116.52,06:14.8,0.63
099,4,Энер,"— я слышала, как ты поёшь.",энер.wav 163.54-164.76,06:15.8,1.22
100,4,Флур,— когда?!,untitled.mp3 117.20-118.25,06:17.4,1.05
101,4,Энер,— в столовой. над супом. ты пел.,энер.wav 166.60-168.97,06:18.8,2.37
102,4,Флур,"— я не пел, я жаловался мелодично.",untitled.mp3 119.00-121.86,06:21.5,2.86
103,4,Кэфи,— он пел.,кэфи.mp3 135.48-136.67,06:24.9,1.19
104,4,Флур,— НЕ ПОМОГАЙ!,untitled.mp3 121.95-123.25,06:26.4,1.30
105,4,Энер,— сценка?,энер.wav 170.32-171.09,06:28.8,0.77
106,4,Флур,— про что?,untitled.mp3 124.17-125.15,06:29.9,0.98
107,4,Энер,— про школу.,— пауза —,06:31.2,1.17
108,4,Флур,— то есть мы выйдем в школе и расскажем про школу,untitled.mp3 126.24-130.19,06:32.7,3.95
109,4,Энер,"— …когда ты так говоришь, звучит тупо.",энер.wav 172.70-174.43,06:37.0,1.73
110,4,Флур,"— наверное, потому что, так и есть???",untitled.mp3 130.94-132.77,06:39.1,1.83
111,4,Энер,"— слушай. а если честно, что тебе не страшно?",энер.wav 175.52-177.89,06:41.6,2.37
112,4,Флур,— …стоять сбоку.,untitled.mp3 134.55-135.59,06:44.5,1.04
113,4,Энер,— это не номер.,энер.wav 180.80-181.95,06:45.9,1.15
114,4,Флур,"— я в курсе, что это не номер! (пауза) но я не могу придумать что то другое",untitled.mp3 137.22-141.35,06:47.4,4.13
115,4,Энер,— что ж мы делать будем,энер.wav 184.15-185.27,06:52.0,1.12
116,4,Кэфи,— тут два прожектора не подключены с прошлого года.,кэфи.mp3 137.84-140.46,06:53.9,2.62
117,4,Энер,— и?,энер.wav 186.21-186.98,06:56.9,0.77
118,4,Кэфи,— и их можно подключить.,кэфи.mp3 141.54-143.61,06:58.0,2.07
119,4,Флур,— зачем?,untitled.mp3 141.75-142.89,07:00.4,1.14
120,4,Кэфи,(с недоумением) — чтобы было светло.,кэфи.mp3 144.86-146.27,07:01.9,1.41
121,4,Флур,— он у нас в номере вообще участвует?,untitled.mp3 143.65-145.94,07:03.8,2.29
122,4,Энер,— получается он у нас в номере работает,энер.wav 188.07-189.95,07:06.5,1.88
123,4,Энер,— можееет все таки сходим поедим?.. поможет придумать что то,энер.wav 190.77-194.38,07:08.8,3.61
124,4,Флур,— лан.. пошли,untitled.mp3 146.60-147.89,07:12.8,1.29
125,5,Флур,— я не просил.,untitled.mp3 148.44-149.53,07:16.7,1.09
126,5,Энер,— ты не ел.,— пауза —,07:18.1,1.09
127,5,Флур,— я ел.,untitled.mp3 150.47-151.51,07:19.6,1.04
128,5,Энер,"— ты держишь этот кусок уже минут сорок, и не прикоснулся. я считала.",энер.wav 195.15-198.65,07:21.0,3.50
129,5,Флур,— …ты за мной следила?,untitled.mp3 152.68-154.19,07:24.8,1.51
130,5,Энер,"— я бы рада не видеть. я пробовала. я один раз целый урок специально не смотрела ни на кого.. но.. я всё равно знала, что ты не ел.",энер.wav 200.01-207.10,07:26.7,7.09
131,5,Кэфи,— не надо.,кэфи.mp3 148.18-149.06,07:34.7,0.88
132,5,Энер,— надо.,энер.wav 209.00-209.64,07:35.9,0.64
133,5,Кэфи,— я не хочу.,кэфи.mp3 149.99-151.04,07:36.9,1.05
134,5,Энер,— ты весь день что то чинишь,энер.wav 210.84-212.61,07:38.3,1.77
135,5,Кэфи,— и что?,кэфи.mp3 152.20-153.10,07:40.4,0.90
136,5,Энер,"— и то, что я знаю. ты всегда говоришь «потом», а «потом» у тебя не наступает.",энер.wav 214.90-218.91,07:41.7,4.01
137,5,Кэфи,— ешь сама.,кэфи.mp3 154.06-155.83,07:46.2,1.77
138,5,Энер,(раздраженно) — …ага. ладно.,энер.wav 220.61-221.75,07:49.2,1.14
139,5,Флур,"— так, идея. а если мы просто выйдем и постоим четыре минуты?",untitled.mp3 155.27-159.93,07:51.2,4.66
140,5,Энер,— это перформанс.,энер.wav 224.39-225.48,07:56.2,1.09
141,5,Флур,— это перформанс?,untitled.mp3 160.86-162.06,07:57.6,1.20
142,5,Энер,— если сказать «это перформанс» - да.,энер.wav 227.06-229.10,07:59.2,2.04
143,5,Флур,— я гений.,untitled.mp3 162.95-164.01,08:01.6,1.06
144,5,Флур,— ты куда?,untitled.mp3 164.67-165.38,08:03.6,0.71
145,5,Кэфи,— нормально сделано.,кэфи.mp3 155.98-157.43,08:05.7,1.45
146,5,Энер,— неужели,энер.wav 230.27-231.02,08:08.2,0.75
147,5,Флур,— я чего-то не понял?,untitled.mp3 166.44-168.06,08:09.6,1.62
148,5,Энер,— ты много чего не понял.,энер.wav 231.95-233.20,08:11.5,1.25
149,5,Флур,— это грубо.,untitled.mp3 169.36-170.30,08:13.1,0.94
150,5,Энер,— это ласково.,энер.wav 233.78-234.92,08:14.4,1.14
151,5,Флур,— это звучало грубо!,untitled.mp3 171.24-172.66,08:15.9,1.42
152,5,Энер,— а было ласково! ешь давай.,энер.wav 236.10-238.19,08:17.7,2.09
153,6,Флур,"— «добрый вечер. мы…» нет. «здравствуйте, мы вас долго не задержим». не, это как на похоронах. «привет, мы…» пиздец",untitled.mp3 173.99-185.19,08:22.4,11.20
154,6,Энер,— ты пишешь речь?,энер.wav 239.46-240.30,08:33.9,0.84
155,6,Флур,— я пишу первую фразу.,untitled.mp3 185.77-187.26,08:35.1,1.49
156,6,Энер,— уже час?,энер.wav 241.49-242.25,08:37.0,0.76
157,6,Флур,— первая фраза решает всё!,untitled.mp3 187.65-189.92,08:38.1,2.27
158,6,Энер,— первая фраза — это «привет».,энер.wav 243.09-244.49,08:40.7,1.40
159,6,Флур,—ааа да ну нафиг,untitled.mp3 190.34-192.16,08:42.4,1.82
160,6,Энер,— …Флур.,энер.wav 246.28-246.83,08:44.6,0.55
161,6,Энер,— смотри на меня…… привет.,энер.wav 248.29-250.70,08:46.0,2.41
162,6,Флур,— …привет.,untitled.mp3 193.22-193.96,08:48.7,0.74
163,6,Энер,— видишь? не умер.,энер.wav 251.80-253.18,08:49.8,1.38
164,6,Флур,— ты — это не полный зал.,untitled.mp3 194.98-196.47,08:51.5,1.49
165,6,Энер,— я громче пятидесяти человек.,энер.wav 253.98-255.80,08:53.4,1.82
166,6,Кэфи,— это правда.,кэфи.mp3 158.11-159.08,08:55.7,0.97
167,6,Энер,"— СПАСИБО, КЭФИ.",энер.wav 257.24-258.70,08:57.0,1.46
168,6,Флур,— тебе помочь?,untitled.mp3 196.72-197.64,09:00.0,0.92
169,6,Кэфи,— нет.,кэфи.mp3 160.26-161.67,09:01.3,1.41
170,6,Энер,— Кэфи.,— пауза —,09:04.1,0.78
171,6,Кэфи,— я сам.,кэфи.mp3 162.58-163.79,09:05.2,1.21
172,6,Энер,— ты роняешь.,энер.wav 260.53-261.28,09:06.8,0.75
173,6,Кэфи,— я не роняю.,кэфи.mp3 164.89-165.97,09:07.9,1.08
174,6,Кэфи,— …я роняю.,кэфи.mp3 167.20-168.35,09:09.4,1.15
175,6,Кэфи,— помогите.,кэфи.mp3 170.53-171.60,09:11.6,1.07
176,6,Флур,— левее. ЛЕВЕЕ. другое левее!,untitled.mp3 198.55-201.51,09:13.5,2.96
177,6,Энер,— это право!,энер.wav 262.46-263.54,09:16.8,1.08
178,6,Флур,"— значит, право!",untitled.mp3 202.48-203.42,09:18.3,0.94
179,6,Энер,"(с ухмылкой) — ебать, аж помощи попросил",энер.wav 264.08-265.59,09:21.0,1.51
180,6,Кэфи,— не начинай... я сказал это один раз.,кэфи.mp3 172.94-176.10,09:22.9,3.16
181,6,Энер,— и я запомню на всю жизнь!,энер.wav 266.29-268.26,09:26.4,1.97
182,6,Кэфи,— спасибо.,кэфи.mp3 177.44-178.29,09:29.1,0.85
183,6,Флур,— вот теперь ты гаснешь по-хорошему?,untitled.mp3 204.22-206.39,09:30.6,2.17
184,6,Энер,"— заткнись, я растрогана.",энер.wav 271.29-272.86,09:33.2,1.57
185,6,Кэфи,"— я всё подключил. свет работает. занавес ходит. микрофона два, но… не уверен что оба работают (неловко посмеиваясь)",кэфи.mp3 179.19-187.75,09:35.4,8.56
186,6,Флур,— …и?,untitled.mp3 207.06-207.77,09:44.3,0.71
187,6,Кэфи,— и у вас есть полностью рабочая сцена.,кэфи.mp3 189.05-191.72,09:45.3,2.67
188,6,Энер,(с приподнятым настроением) — а номер?,энер.wav 273.82-274.72,09:48.4,0.90
189,6,Кэфи,— номера нет.,кэфи.mp3 192.55-193.99,09:49.6,1.44
d378,6,Энер,[смех],энер.wav 274.94-281.08,09:52.1,6.14
190,6,Флур,"— мы весь день чинили свет для номера, которого нет.",untitled.mp3 207.97-211.05,09:58.9,3.08
191,6,Кэфи,— свет пригодится.,кэфи.mp3 195.17-196.52,10:02.3,1.35
192,6,Флур,— КОМУ?!,untitled.mp3 212.11-212.92,10:04.0,0.81
193,6,Кэфи,— школе.,кэфи.mp3 197.81-198.66,10:05.2,0.85
194,6,Флур,— пиздец ты хозяйственный.,untitled.mp3 213.26-214.97,10:06.4,1.71
195,7,Флур,— Энер.,untitled.mp3 215.62-216.33,10:10.7,0.71
196,7,Энер,— м?,энер.wav 283.51-283.92,10:11.8,0.41
197,7,Флур,— посчитай со мной.,untitled.mp3 216.79-217.71,10:12.5,0.92
198,7,Энер,— …шесть.,энер.wav 284.71-285.39,10:14.1,0.68
199,7,Флур,"—семь. вон там, с краю.",untitled.mp3 218.38-220.59,10:15.1,2.21
200,7,Кэфи,— (вздох),кэфи.mp3 199.26-200.32,10:17.7,1.06
201,7,Энер,— это уборщица.,энер.wav 286.95-287.99,10:19.1,1.04
202,7,Флур,"— она сидит в зале, значит она зритель!",untitled.mp3 220.95-223.29,10:20.5,2.34
203,7,Энер,"— она сидит со шваброй, значит она ждёт, когда мы закончим!",энер.wav 289.66-293.87,10:23.2,4.21
204,7,Флур,— всё равно семь.,untitled.mp3 223.90-224.82,10:27.7,0.92
205,7,Энер,—восемь. вон тот маленький.,энер.wav 296.16-298.26,10:29.7,2.10
206,7,Флур,— это чей-то брат.,untitled.mp3 225.45-226.35,10:32.1,0.90
207,7,Энер,— он человек!,энер.wav 300.04-300.97,10:33.4,0.93
208,7,Флур,— он ест.,untitled.mp3 226.64-227.57,10:34.7,0.93
209,7,Энер,— я утеряла нить разговора..,энер.wav 302.61-304.11,10:36.0,1.50
210,7,Кэфи,"(с насмешкой) — сегодня твой день, флур",кэфи.mp3 200.96-202.76,10:38.1,1.80
211,7,Флур,"— это же хорошо, да? это же меньше стыда?",untitled.mp3 227.96-231.23,10:40.3,3.27
212,7,Энер,— это в двадцать раз меньше стыда.,энер.wav 307.04-308.87,10:43.9,1.83
213,7,Флур,— …тогда почему мне в двадцать раз хуже?,untitled.mp3 231.87-234.01,10:46.1,2.14
214,7,Энер,"— ну, их пересчитать можно.",энер.wav 311.82-313.98,10:48.5,2.16
215,7,Флур,"— так. так-так-так. давайте ещё раз проговорим, что мы делаем.",untitled.mp3 234.75-238.23,10:51.1,3.48
216,7,Энер,— мы выходим.,энер.wav 316.83-317.73,10:54.9,0.90
217,7,Флур,— это первое. а второе?,untitled.mp3 238.63-240.78,10:56.1,2.15
218,7,Энер,— мы… там разберёмся.,энер.wav 318.54-319.94,10:58.6,1.40
219,7,Флур,— ЭНЕР.,untitled.mp3 241.49-242.16,11:00.4,0.67
220,7,Энер,"-слушай, вот честно: половина всего хорошего в моей жизни случилась именно так. я выходила куда-то, не зная, что будет, и оно как-то само. у меня в жизни ни разу ничего не получилось по плану. вообще ни разу. я один раз составила план на день, и в этот день у меня сломался зуб.",энер.wav 320.95-334.29,11:01.4,13.34
221,7,Флур,— это не аргумент!,untitled.mp3 242.70-244.07,11:15.1,1.37
222,7,Энер,— это факт!,энер.wav 335.66-336.50,11:16.8,0.84
223,7,Флур,— скажи ей.,untitled.mp3 244.48-245.51,11:18.2,1.03
224,7,Кэфи,— у нас нет номера.,кэфи.mp3 204.06-205.59,11:19.5,1.53
225,7,Флур,— СПАСИБО.,untitled.mp3 245.69-246.90,11:21.4,1.21
226,7,Кэфи,— и уже поздно.,кэфи.mp3 206.32-208.05,11:23.0,1.73
227,7,Флур,— …в смысле «поздно»?,untitled.mp3 247.27-248.72,11:25.1,1.45
228,7,Кэфи,"— в смысле вам выходить.. сейчас... ну так, к слову.",кэфи.mp3 209.60-214.18,11:26.9,4.58
229,7,Флур,"слушайте. выйдите вдвоём. правда. вы справитесь, вы оба нормальные, вы вообще умеете быть людьми при людях. я тут постою. я вам похлопаю отсюда. это тоже участие.",untitled.mp3 249.78-261.15,11:31.9,11.37
230,7,Кэфи,— нет.,кэфи.mp3 216.21-216.92,11:44.7,0.71
231,7,Флур,— почему?,untitled.mp3 261.93-262.85,11:45.7,0.92
232,7,Кэфи,— взяли троих.,кэфи.mp3 219.78-220.93,11:47.0,1.15
233,7,Флур,"— так это же случайность, он вообще нас в коридоре поймал—",untitled.mp3 263.16-265.97,11:48.5,2.81
234,7,Кэфи,—проехали...,кэфи.mp3 222.75-223.73,11:51.4,0.98
235,7,Флур,— ебанарот,untitled.mp3 266.67-268.03,11:52.7,1.36
236,7,Энер,— это пошли?,энер.wav 338.72-339.47,11:54.4,0.75
237,7,Флур,— …это пошли.,untitled.mp3 269.15-270.26,11:55.5,1.11
238,7,Флур,— СТОЙ. а что мы играем-то?!,untitled.mp3 271.60-273.34,11:57.1,1.74
239,7,Энер,— СЦЕНКУ.,энер.wav 341.04-342.04,11:59.2,1.00
240,7,Флур,— ПРО ЧТО?!,untitled.mp3 274.48-275.24,12:00.6,0.76
241,7,Энер,"— Я ПРИДУМАЮ ПО ДОРОГЕ, ТУТ ЧЕТЫРЕ МЕТРА!",энер.wav 343.29-346.06,12:01.7,2.77
242,8,Энер,— …ты будешь дверью.,энер_правки_и_последняя_сцена.wav 1.27-2.29,12:07.0,1.02
243,8,Кэфи,— я не буду дверью.,кэфи.mp3 226.10-227.80,12:08.4,1.70
244,8,Флур,"— ребят, занавес.",untitled.mp3 275.70-277.43,12:10.5,1.73
245,8,Энер,"— это одна роль, тебе даже говорить не надо—",энер_правки_и_последняя_сцена.wav 2.74-4.30,12:12.5,1.56
246,8,Флур,— РЕБЯТ. ЗАНАВЕС.,untitled.mp3 278.64-279.84,12:14.2,1.20
247,8,Флур,— …привет.,untitled.mp3 281.01-282.10,12:17.9,1.09
248,8,Флур,— …спасибо.,untitled.mp3 282.61-283.79,12:20.0,1.18
249,8,Флур,всё. это всё. это конец. я умру здесь.,— пауза —,12:22.4,3.32
250,8,Энер,— ДОБРЫЙ ВЕЧЕР!,энер.wav 356.09-357.89,12:26.2,1.80
251,8,Энер,— добрый вечер. мы представляем сценку. (пауза) она называется…,энер.wav 359.47-366.17,12:28.7,6.70
252,8,Энер,(воодушевленно) — …«ДВЕРЬ».,энер.wav 366.97-367.70,12:36.0,0.73
253,8,Энер,— это глубокая работа.,— пауза —,12:37.3,1.94
254,8,Энер,"— Кэфи, встань там.",энер.wav 373.82-374.90,12:39.7,1.08
255,8,Кэфи,— я не буду дверью.,кэфи.mp3 229.05-230.66,12:41.1,1.61
256,8,Энер,— просто встань!,энер.wav 376.12-377.15,12:43.1,1.03
257,8,Кэфи,— я стою.,кэфи.mp3 232.61-233.78,12:44.5,1.17
258,8,Энер,— встань как дверь!,энер.wav 378.60-379.70,12:46.0,1.10
259,8,Кэфи,— …как?,кэфи.mp3 235.41-236.04,12:47.4,0.63
260,8,Кэфи,"я не помню, в какой момент я на это согласился.",кэфи.mp3 236.88-239.99,12:49.7,3.11
261,8,Флур,"— вот иду я, значит. домой.",untitled.mp3 283.95-287.20,12:53.6,3.25
262,8,Энер,— А ВОТ И Я!,энер.wav 381.77-383.64,12:57.2,1.87
263,8,Флур,— …а вот и ты.,untitled.mp3 288.31-289.67,12:59.4,1.36
264,8,Энер,— Я ТВОЯ СОСЕДКА!,энер.wav 384.70-386.63,13:01.2,1.93
265,8,Флур,— ты моя соседка.,untitled.mp3 290.99-292.81,13:03.4,1.82
266,8,Энер,— И У МЕНЯ ПРОБЛЕМА!,энер.wav 389.44-391.20,13:05.6,1.76
267,8,Флур,— …какая?,untitled.mp3 294.19-295.27,13:07.7,1.08
268,8,Энер,— у меня… не открывается дверь.,энер.wav 392.44-395.18,13:11.0,2.74
269,8,Флур,— …о нет.,untitled.mp3 296.40-297.41,13:14.1,1.01
270,8,Энер,— да.,энер.wav 398.15-398.75,13:15.4,0.60
271,8,Флур,— какой ужас.,untitled.mp3 298.07-299.75,13:16.4,1.68
272,8,Энер,— вот именно.,энер.wav 401.01-401.94,13:18.4,0.93
d527,8,Массовка,зритель: «это комедия или чего?»,— пауза —,13:20.7,2.71
273,8,Флур,— это про городское одиночество!,untitled.mp3 306.20-308.57,13:23.8,2.37
274,8,Флур,— …и про дружбу.,untitled.mp3 309.02-310.17,13:26.6,1.15
275,8,Флур,— …тоже.,untitled.mp3 310.29-310.86,13:28.3,0.57
276,8,Энер,"— вот она, дверь.",энер.wav 407.34-408.92,13:29.4,1.58
277,8,Энер,— видите? не открывается.,энер.wav 410.89-413.43,13:31.6,2.54
278,8,Кэфи,— тук.,кэфи.mp3 241.65-242.44,13:34.6,0.79
279,8,Энер,"— ОТКРОЙСЯ, ДВЕРЬ!",энер.wav 416.38-417.86,13:35.8,1.48
280,8,Кэфи,— нет.,кэфи.mp3 244.65-245.46,13:37.6,0.81
281,8,Энер,— ПОЧЕМУ?!,энер.wav 430.36-431.23,13:38.9,0.87
282,8,Кэфи,— заперто.,кэфи.mp3 247.36-248.39,13:40.1,1.03
283,8,Энер,— он говорит: ЕЩЁ!,энер.wav 436.48-438.14,13:42.3,1.66
284,8,Энер,— ОН ГОВОРИТ: ЕЩЁ ДВА РАЗА!,энер.wav 441.80-444.38,13:44.6,2.58
285,8,Энер,— НО Я НЕ СДАЮСЬ!,энер.wav 446.94-448.62,13:47.9,1.68
286,8,Флур,"— и я ей помогаю! потому что я, ну, сосед!",untitled.mp3 311.91-316.07,13:50.0,4.16
287,8,Энер,— МЫ ЛОМАЕМ ДВЕРЬ!,энер.wav 450.50-451.87,13:54.5,1.37
288,8,Кэфи,— не надо ломать дверь.,кэфи.mp3 251.59-253.34,13:56.2,1.75
289,8,Энер,— ДВЕРЬ НЕ РАЗГОВАРИВАЕТ!,энер.wav 457.20-459.56,13:58.3,2.36
290,8,Кэфи,— эта разговаривает.,кэфи.mp3 254.29-255.80,14:01.0,1.51
291,8,Флур,— она не поддаётся!,untitled.mp3 316.75-318.43,14:03.3,1.68
292,8,Энер,— она из хорошего дерева!,энер.wav 461.74-463.38,14:05.4,1.64
293,8,Кэфи,— я не из дерева.,кэфи.mp3 257.80-259.01,14:07.3,1.21
294,8,Энер,"— ДВЕРЬ, НЕ ПОРТЬ ОБРАЗ.",энер.wav 464.99-466.51,14:08.9,1.52
295,8,Флур,— …я в порядке. я даже не удивлён.,untitled.mp3 318.98-323.37,14:12.4,4.39
296,8,Кэфи,— стой—,кэфи.mp3 262.22-262.85,14:18.2,0.63
d592,8,Массовка,зритель: «ой»,— пауза —,14:20.1,1.25
297,8,Флур,— …алло?,untitled.mp3 324.72-325.58,14:22.4,0.86
298,8,Энер,— это я?,энер.wav 470.01-470.59,14:23.7,0.58
299,8,Кэфи,— это ты.,кэфи.mp3 265.43-266.26,14:24.7,0.83
300,8,Энер,— это я.,энер.wav 472.22-473.22,14:25.8,1.00
301,8,Энер,"— флур, включай фонарик",— пауза —,14:27.3,2.02
302,8,Энер,— кхм... ДВЕРЬ! Я ЖИВУ ЗДЕСЬ ВОСЕМЬ ЛЕТ!,энер.wav 474.75-479.34,14:29.7,4.59
303,8,Кэфи,— я тебя не знаю.,кэфи.mp3 268.92-270.25,14:34.6,1.33
304,8,Энер,— Я ПЛАЧУ ЗА КВАРТИРУ!,энер.wav 479.98-481.70,14:36.3,1.72
305,8,Кэфи,— это не ко мне.,кэфи.mp3 271.27-272.35,14:38.4,1.08
306,8,Флур,"— может, у неё ключ не тот?!",untitled.mp3 326.57-328.83,14:39.8,2.26
307,8,Кэфи,— ключ у неё нормальный.,кэфи.mp3 273.64-275.14,14:42.4,1.50
308,8,Флур,— А ЧТО ТОГДА?!,untitled.mp3 329.71-331.40,14:44.3,1.69
309,8,Кэфи,— я просто не хочу.,кэфи.mp3 275.95-277.82,14:46.3,1.87
310,8,Взрослый в зале,— о. дым-машина.,— пауза —,14:49.1,1.48
311,8,Второй взрослый,— у них дым-машина?,— пауза —,14:51.0,1.71
312,8,Взрослый в зале,"— у школы есть дым-машина, оказывается.",— пауза —,14:53.0,3.25
313,8,Энер,— …А ВОТ И ПОЖАР В КВАРТИРЕ!,энер.wav 483.28-484.82,14:57.2,1.54
314,8,Флур,— у нас нет дым-машины.,untitled.mp3 332.00-333.58,14:59.1,1.58
315,8,Энер,"— я ЗНАЮ, он гений, он что-то придумал, подыгрывай!",— пауза —,15:01.0,4.17
316,8,Флур,— КТО придумал?!,untitled.mp3 334.10-335.14,15:05.6,1.04
317,8,Энер,— ДВЕРЬ!,энер.wav 486.20-486.85,15:07.0,0.65
318,8,Кэфи,— это не спецэффект.,кэфи.mp3 279.14-280.49,15:08.6,1.35
319,8,Энер,— ОН ГОВОРИТ: ЭТО НЕ СПЕЦЭФФЕКТ!,энер.wav 490.93-493.18,15:10.3,2.25
320,8,Кэфи,— Энер. это правда не спецэффект.,кэфи.mp3 281.43-283.48,15:12.9,2.05
321,8,Энер,"— ДА, ЭТО ПРАВДА НЕ СПЕЦЭФ—",энер.wav 494.69-497.19,15:15.3,2.50
322,8,Энер,— …бля.,энер.wav 498.08-498.61,15:18.8,0.53
d641,9,Массовка,голос в мегафон: «спокойно! это пробки!»,— пауза —,15:22.0,3.32
323,9,Флур,— ЗАЧЕМ МЫ БЕЖИМ?,untitled.mp3 336.07-337.68,15:25.8,1.61
324,9,Энер,— НЕ ЗНАЮ! ВЕСЕЛО!,энер_правки_и_последняя_сцена.wav 5.75-7.49,15:27.7,1.74
325,9,Флур,— ЭТО НЕ ПРИЧИНА!,untitled.mp3 338.45-339.76,15:29.8,1.31
326,9,Энер,— ЭТО ЛУЧШАЯ ПРИЧИНА!,энер_правки_и_последняя_сцена.wav 8.75-10.32,15:31.5,1.57
327,9,Флур,— я застрял.,untitled.mp3 340.54-341.45,15:33.9,0.91
328,9,Энер,— как?!,энер_правки_и_последняя_сцена.wav 11.60-12.23,15:35.1,0.63
329,9,Флур,— КАК-ТО!,untitled.mp3 342.04-343.12,15:36.1,1.08
330,9,Флур,— второй раз за вечер.,untitled.mp3 343.46-344.82,15:37.8,1.36
331,9,Кэфи,— третий.,кэфи.mp3 285.67-286.74,15:39.5,1.07
332,9,Флур,— когда был второй?!,untitled.mp3 346.11-347.45,15:41.0,1.34
333,9,Кэфи,— ты не заметил. хорошо.,кэфи.mp3 287.78-289.83,15:42.7,2.05
334,9,Флур,"— …мы что, прославились?",untitled.mp3 349.25-351.20,15:46.4,1.95
335,9,Кэфи,— наварили себе проблем,кэфи.mp3 291.39-293.22,15:48.7,1.83
336,9,Энер,— я бы назвала это грандиозным шоу!,энер_правки_и_последняя_сцена.wav 19.94-22.08,15:50.8,2.14
